<?xml version="1.0" encoding="UTF-8"?>
<project-private xmlns="http://www.netbeans.org/ns/project-private/1">
    <editor-bookmarks xmlns="http://www.netbeans.org/ns/editor-bookmarks/2" lastBookmarkId="0"/>
    <open-files xmlns="http://www.netbeans.org/ns/projectui-open-files/2">
        <group>
            <file>file:/C:/Users/pandu/OneDrive/Dokumen/pandu%20pemrograman/Pertemuan13_PanduMaulana/src/P13/DasboardAdmin.java</file>
            <file>file:/C:/Users/pandu/OneDrive/Dokumen/pandu%20pemrograman/Pertemuan13_PanduMaulana/src/P17/Koneksi.java</file>
            <file>file:/C:/Users/pandu/OneDrive/Dokumen/pandu%20pemrograman/Pertemuan13_PanduMaulana/src/P14/DatabaseConnection.java</file>
            <file>file:/C:/Users/pandu/OneDrive/Dokumen/pandu%20pemrograman/Pertemuan13_PanduMaulana/src/P13/HashUtil.java</file>
            <file>file:/C:/Users/pandu/OneDrive/Dokumen/pandu%20pemrograman/Pertemuan13_PanduMaulana/src/P15/Form_Stock_Barang.java</file>
            <file>file:/C:/Users/pandu/OneDrive/Dokumen/pandu%20pemrograman/Pertemuan13_PanduMaulana/src/P17/FormLogin/Tampilan_Login.java</file>
            <file>file:/C:/Users/pandu/OneDrive/Dokumen/pandu%20pemrograman/Pertemuan13_PanduMaulana/src/P16/Transaksi.java</file>
            <file>file:/C:/Users/pandu/OneDrive/Dokumen/pandu%20pemrograman/Pertemuan13_PanduMaulana/src/P13/FormUser.java</file>
            <file>file:/C:/Users/pandu/OneDrive/Dokumen/pandu%20pemrograman/Pertemuan13_PanduMaulana/src/P15/DatabaseConnection.java</file>
            <file>file:/C:/Users/pandu/OneDrive/Dokumen/pandu%20pemrograman/Pertemuan13_PanduMaulana/src/P17/FormLogin/Koneksi.java</file>
            <file>file:/C:/Users/pandu/OneDrive/Dokumen/pandu%20pemrograman/Pertemuan13_PanduMaulana/src/P14/FormPegawai.java</file>
            <file>file:/C:/Users/pandu/OneDrive/Dokumen/pandu%20pemrograman/Pertemuan13_PanduMaulana/src/P13/DatabaseConnection.java</file>
            <file>file:/C:/Users/pandu/OneDrive/Dokumen/pandu%20pemrograman/Pertemuan13_PanduMaulana/src/P17/Transaksi_Gojek.java</file>
            <file>file:/C:/Users/pandu/OneDrive/Dokumen/pandu%20pemrograman/Pertemuan13_PanduMaulana/src/P13/Dasboard.java</file>
            <file>file:/C:/Users/pandu/OneDrive/Dokumen/pandu%20pemrograman/Pertemuan13_PanduMaulana/src/P13/DasboardPegawai.java</file>
            <file>file:/C:/Users/pandu/OneDrive/Dokumen/pandu%20pemrograman/Pertemuan13_PanduMaulana/src/P13/LoginForm.java</file>
        </group>
    </open-files>
</project-private>
